{"cameraMode":{"drawMode":0,"name":"Shaded","section":"Shading Mode"},"sceneLighting":true,"audioPlay":false,"sceneViewState":{"showFog":true,"showMaterialUpdate":false,"showSkybox":true,"showFlares":true,"showImageEffects":true,"showParticleSystems":true},"in2DMode":false,"pivot":{"x":-0.07216310501098633,"y":-0.28247305750846865,"z":-0.04403010010719299},"rotation":{"x":-0.23323462903499604,"y":-0.02916761301457882,"z":0.00699663208797574,"w":-0.9719617962837219},"size":1.6675758361816407,"orthographic":true}